{"cameraMode":{"drawMode":0,"name":"Shaded","section":"Shading Mode"},"sceneLighting":true,"audioPlay":false,"sceneViewState":{"showFog":true,"showMaterialUpdate":false,"showSkybox":true,"showFlares":true,"showImageEffects":true,"showParticleSystems":true},"in2DMode":false,"pivot":{"x":1.2959232330322266,"y":3.9751648902893068,"z":-1.1696631908416749},"rotation":{"x":-0.0001957196946023032,"y":0.999043881893158,"z":0.04348618909716606,"w":0.004496143665164709},"size":22.0,"orthographic":false}